"State","Total.SAT.Mean.Score","Grade.13.Offered","Ungraded.Classes.Offered","Operational.Schools","Total.Revenues","State.Revenues","Federal.Revenues","Total.Current.Expenditures..TE5.","Total.Revenues.per.Pupil","State.Revenues.per.Pupil","Federal.Revenues.per.Pupil","Total.Current.Expenditures.per.Pupil","X4th.Grade.Mean.Math.Score","X4th.Grade.Mean.Reading.Score","X8th.Grade.Mean.Math.Score","X8th.Grade.Mean.Reading.Score","Classroom.Teachers..FTE.","Meeting.All.State.Licensing.Certification.Requirements..Percent.","Classroom.Teachers.in.their.First.Year.of.Teaching..Percent.","Classroom.Teachers.in.their.Second.Year.of.Teaching..Percent.","Number.of.Schools","Total.Number.Operational.School.Districts.2022.23","Total.Number.Operational.Schools","Total.Number.Operational.Charter.Schools","American.Indian.Alaska.Native.Students","Asian.or.Asian.Pacific.Islander.Students","Hispanic.Students","Black.or.African.American.Students","White.Students","Nat..Hawaiian.or.Other.Pacific.Isl..Students","Two.or.More.Races.Students","Full.Time.Equivalent..FTE..Teachers","Pupil.Teacher.Ratio","Party.Voted.for.Last.Election.Cycle"
"Alabama",1161,"No","No",1516,8703514773,4953326808,984505815,7546680182,11695,6656,1323,10140,"229.65",211.73,268.7,253.4,47203.01,99.2,5.8,4.9,4.9,155,1516,17,6256,11083,79069,238400,389358,843,25914,42021.62,17.87,"Republican"
"Alaska",1082,"No","No",498,2614818172,1660020905,384600669,2417640580,19807,12574,2913,18313,"232.31",204.37,274.34,252.39,7707.29,99.1,6.6,4,4,54,498,32,28259,6482,9844,2945,61637,4010,17546,7160.48,18.26,"Republican"
"Arizona",1183,"No","Yes",2429,12175096414,6237220096,1391547366,9830663062,10768,5516,1231,8694,"237.61",215.84,279.93,259.48,56969.03,94.9,8,7.1,7.1,685,2429,576,47816,34840,538890,64326,395129,4145,47077,49565.89,22.84,"Democrat"
"Arkansas",1192,"No","Yes",1098,5874455304,3011242117,637966568,5152467745,11822,6060,1284,10369,"233.25",215.05,274.36,258.78,34956.94,98.6,6.3,5.2,5.2,300,1098,103,2899,8711,70048,95788,289783,4956,20945,38814.62,12.7,"Republican"
"California",1083,"No","No",10327,1.00127e+11,56846136494,7933282927,86541408473,16247,9224,1287,14042,"234.72",216.48,275.61,258.83,274148.82,98.5,5.1,3.8,3.8,2114,10327,1284,NA,NA,NA,NA,NA,NA,NA,267658.51,21.86,"Democrat"
"Colorado",996,"No","No",1932,13187698566,5536044421,825554838,10636149703,14441,6062,904,11647,"241.87",224.86,284.67,267.31,51040.05,88.7,11.2,6.4,6.4,272,1932,269,5427,28471,307259,40040,442557,2639,44478,53552.5,16.26,"Democrat"
"Connecticut",1007,"No","No",1013,11884392362,4786093502,495392521,10939431848,22694,9139,946,20889,"243.26",224.35,286.16,269.72,44466.55,98.9,5.1,4.3,4.3,209,1013,21,1283,26447,154073,64421,243359,507,22905,44006.87,11.67,"Democrat"
"Delaware",958,"No","No",229,2643619512,1697106732,163490521,2347576730,18892,12128,1168,16777,"239.32",217.69,276.7,259.68,9418.98,98.7,6.2,4.8,4.8,45,229,23,579,6077,26872,43137,57288,213,7299,9991.22,14.16,"Democrat"
"District of Columbia",969,"No","Yes",244,2703715036,NA,202236561,2134996014,30082,NA,2250,23754,"234.64",214.28,269.18,249.81,5836.2,80,9.8,8.1,8.1,71,244,126,131,1322,16186,58257,12030,52,2963,8052.21,11.3,"Democrat"
"Florida",966,"No","No",4230,33934526763,13657772122,3481364845,29455335862,11872,4778,1218,10305,"245.96",224.71,278.52,263.35,161046.94,95.8,23,5.5,5.5,80,4230,740,6769,81036,1044109,601319,1014176,5043,118075,156787.43,18.31,"Republican"
"Georgia",1054,"No","No",2316,23826891752,11234259226,1947637547,20680204006,13464,6348,1101,11686,"237.65",217.98,279.49,262.39,109168.88,97.9,4,1.8,1.8,245,2316,97,3729,81425,316754,637800,628275,1831,81158,121301.1,14.43,"Democrat"
"Hawaii",1114,"No","Yes",295,3396552964,3066972314,278257594,2999577639,18756,16936,1537,16564,"238.57",217.53,275.33,258.16,11764.1,96.4,8.4,6.9,6.9,1,295,37,247,41935,31188,2293,19027,43502,32017,11983.69,14.2,"Democrat"
"Idaho",970,"No","No",795,3082137095,2032416561,298458536,2593493987,9907,6533,959,8337,"241.9",222.51,285.94,266.48,14716.68,99.3,7.1,7,7,186,795,77,3157,3539,61258,3562,234328,1058,10653,18120.62,17.52,"Republican"
"Illinois",970,"No","No",4408,39071159712,15728125935,2400823805,33895711244,20152,8112,1238,17483,"237.4",218.17,282.56,264.7,137182.69,99.4,6.3,6.1,6.1,1033,4408,134,4569,101525,508906,304621,851489,1797,77716,135363.07,13.68,"Democrat"
"Indiana",971,"No","Yes",1921,13777624050,8710782241,1031511295,11352771964,13104,8285,981,10798,"244.88",221.81,285.65,265.95,60650.8,99.5,6.6,8.2,8.2,442,1921,121,1759,29771,145546,135584,665931,1039,56478,65596.59,15.8,"Republican"
"Iowa",1208,"No","No",1327,7408114453,3930910665,530275939,6200533374,14320,7599,1025,11986,"240.69",220.5,281.67,262.33,35165.25,100,4.7,5,5,337,1327,4,1644,12741,63928,34521,370440,2917,24847,36138.08,14.15,"Republican"
"Kansas",1245,"No","Yes",1355,7358311818,4882714219,530101544,5955856554,14777,9805,1065,11960,"239.44",219.13,282.21,262.82,35604.73,98.7,6.6,6.2,6.2,338,1355,9,3585,13754,104825,32744,301935,1141,29994,37885.25,12.88,"Republican"
"Kentucky",1208,"No","Yes",1542,8757350435,4751146912,1004963681,7868144995,12655,6866,1452,11370,"239.31",220.93,278.1,262.96,43824.03,99.3,5,4.8,4.8,176,1542,NA,864,13130,58131,70653,482221,1129,33901,43022.55,15.34,"Republican"
"Louisiana",1194,"Yes","No",1337,9444753734,4144027561,1153165659,8531691933,13294,5833,1623,12009,"231.3",209.87,271.64,257.42,47015.48,95.6,7.6,5.1,5.1,NA,NA,NA,NA,NA,NA,NA,NA,NA,NA,NA,NA,"Republican"
"Maine",1080,"No","No",597,3180672300,1308712453,193129797,2896754337,17642,7259,1071,16067,"240.76",221.24,282.37,265.17,14324.92,97.9,4.6,4.5,4.5,277,597,13,1454,2403,5552,7615,150684,178,5967,15192.39,11.44,"Democrat"
"Maryland",1008,"No","No",1410,17015238207,7419590954,889989559,14482716468,18710,8159,979,15926,"238.56",219.84,280.15,264.39,62201.51,96.8,6.6,7.8,7.8,25,1410,48,2416,59963,195349,291367,292746,1256,46375,62236.47,14.3,"Democrat"
"Massachusetts",1112,"Yes","Yes",1837,19782831164,8066237412,925526544,18945441038,20620,8408,965,19747,"247.32",231.09,294.47,273.11,71393.74,97.6,7.6,6.2,6.2,423,1837,76,2165,67337,222604,86503,501645,800,40636,76977.64,12,"Democrat"
"Michigan",967,"No","Yes",3510,22091387644,13003148329,1954522023,18433999932,14768,8692,1307,12323,"236.15",218.27,280.28,262.58,82941.62,99.5,4.9,4.5,4.5,892,3510,378,8430,50863,127418,259823,912605,1203,73572,85879.91,16.7,"Democrat"
"Minnesota",1201,"No","No",2690,14825589847,9762147223,826164197,12060037882,16598,10929,925,13502,"248.41",222.39,290.79,263.81,57298.11,99.9,6,5.3,5.3,581,2690,300,14951,60856,94935,101896,542298,961,54122,56123.8,15.5,"Democrat"
"Mississippi",1184,"No","Yes",1038,5032201128,2533272078,668513594,4480070882,10799,5436,1435,9614,"240.71",219.34,273.73,256.38,33087.14,98.4,6.9,5.7,5.7,152,1038,8,958,4946,20950,206903,187500,301,18727,33767.64,13.04,"Republican"
"Missouri",1191,"No","No",2473,12347541396,3794955362,1072106378,10376140595,13562,4168,1178,11397,"238.41",218,280.76,263.29,66051.28,99.2,6,5.4,5.4,565,2473,82,3280,18740,71015,135335,611514,3608,48754,69837.57,12.78,"Republican"
"Montana",1193,"No","No",826,2054110041,889390351,258352691,1808763119,13702,5933,1723,12065,"241.11",221.68,283.96,264.83,11393.5,92.3,5.6,5.7,5.7,480,826,NA,15715,988,8829,1055,116708,280,7156,11035.53,13.66,"Republican"
"Nebraska",1252,"No","No",1092,4849887781,1612543488,364636001,4233747795,14696,4886,1105,12829,"243.77",222.36,285.01,263.99,23360.75,99.9,6.7,5.9,5.9,278,1092,NA,4284,9840,69628,21579,208391,520,14992,23910.92,13.77,"Republican"
"Nevada",1166,"No","Yes",748,5712602991,2133303225,454493496,4744497078,11496,4293,915,9548,"235.63",217.62,273.79,258.08,24493.86,99.7,8.7,5.4,5.4,20,748,101,3716,26621,213726,59183,137398,7170,36224,23076.46,20.98,"Democrat"
"New Hampshire",1035,"Yes","No",502,3382783772,1055087086,161745104,3085985805,19540,6094,934,17825,"244.56",224.26,287.22,267.95,15122.07,98.9,3.7,3.3,3.3,212,502,40,367,5140,11726,3529,140101,137,7909,14731.4,11.47,"Democrat"
"New Jersey",1066,"No","Yes",2562,33682075901,15135460552,1299123855,30193908678,23856,10720,920,21385,"245.93",227.19,291.82,270.36,115483.96,98.5,6,5.1,5.1,698,2562,85,2748,141511,458302,203181,533258,2950,41193,117661.34,11.76,"Democrat"
"New Mexico",901,"No","No",890,4796238275,3274997596,687382589,3847754590,14481,9888,2075,11617,"231.11",207.56,268.77,251.7,22715.89,97.9,7.1,6.7,6.7,152,890,101,32366,3935,199786,5598,65511,383,7444,21571.55,14.6,"Democrat"
"New York",1039,"No","Yes",4812,76961931350,30327359261,3322728372,66108404992,29422,11594,1270,25273,"236.73",219.6,280.41,261.75,212869.46,99.5,4.3,3.6,3.6,1104,4812,342,18642,252056,739704,400490,1023173,5827,92225,215761,11.74,"Democrat"
"North Carolina",1127,"Yes","Yes",2716,16424984765,10298925143,1693263300,15452367316,10526,6600,1085,9903,"241.41",221.28,283.66,262.53,96967.64,99.7,5.4,6.1,6.1,354,2716,206,16214,61664,314590,382022,678903,2174,86155,99979.81,15.42,"Republican"
"North Dakota",1287,"No","No",511,1934394803,1058059055,203564467,1655922218,16649,9107,1752,14252,"242.93",221.18,285.56,263.23,8815.77,98.6,7.2,5.7,5.7,220,511,NA,9707,1646,7723,6302,87322,332,5476,9581.08,12.37,"Republican"
"Ohio",1044,"No","No",3632,26417646707,10763752412,1935360275,23199550922,15633,6370,1145,13729,"241.14",221.97,285.71,267.05,107480.19,99.3,6.2,4.2,4.2,1056,3632,334,2204,47491,123226,282459,1120031,1660,103568,102322.67,16.42,"Republican"
"Oklahoma",953,"No","No",1781,7570497390,3716206560,787325540,6611657035,10758,5281,1119,9395,"237.2",216.35,276.47,258.2,44899.41,98.5,7.1,6.1,6.1,596,1781,63,78568,15904,138993,55164,318745,3101,90607,42124.4,16.65,"Republican"
"Oregon",1125,"No","No",1286,9249697595,4914733849,582124496,7480233438,15875,8435,999,12838,"236.35",217.72,279.5,263.72,26821.84,99.6,6.3,3.5,3.5,222,1286,132,6505,22153,139543,12948,324090,4626,39738,30906.33,17.87,"Democrat"
"Pennsylvania",1078,"No","Yes",2936,34047550312,13058175513,2298077098,29748923822,19653,7537,1326,17172,"243.94",223.21,285.02,264.18,120147.72,99.5,4,3.5,3.5,787,2936,177,3072,75704,242486,244727,1039214,1440,86704,127037.02,13.33,"Democrat"
"Rhode Island",958,"No","No",316,2745635876,1166200773,219849628,2544538711,19126,8124,1531,17725,"239.34",220.19,275.67,262.15,11454,99.1,3.5,3.5,3.5,68,316,41,1027,4488,40369,12334,71776,196,7017,10785.53,12.74,"Democrat"
"South Carolina",1028,"No","No",1264,11177350839,5476152028,920498316,8788125120,14205,6959,1170,11168,"236.75",215.98,276.35,258.98,48811.24,97,5.8,5.9,5.9,96,1264,88,2201,13774,100329,249346,377133,963,45421,55946.58,14.11,"Republican"
"South Dakota",1208,"No","No",720,1747682661,589617538,246063512,1454402569,12488,4213,1758,10392,"241.3",222,287.09,262.77,9849.43,99.7,6.4,5.7,5.7,166,720,NA,14827,2274,11294,4626,100524,190,8153,10261.46,13.83,"Republican"
"Tennessee",1191,"No","No",1900,11113864008,5283765227,1125624138,10121191884,10952,5207,1109,9974,"239.7",219.06,280.08,262.46,66350.85,99.5,5.4,4.6,4.6,148,1900,114,1650,20229,139706,207860,591111,1083,45113,65780.77,15.3,"Republican"
"Texas",978,"No","Yes",9180,70617931164,27103224447,7261669675,57118702977,12850,4932,1321,10394,"243.62",216.04,279.65,255.74,329719.59,98.5,7.9,6.5,6.5,1236,9180,1039,17980,280772,2921858,707086,1416600,8719,166584,373332.35,14.78,"Republican"
"Utah",1239,"No","No",1102,6839132796,3804949928,474513704,5673814820,9989,5557,693,8287,"243.79",225.15,284.93,267.42,26953.03,98.1,7.7,8,8,162,1102,140,6636,11751,135877,9213,493295,11419,23632,31163.98,22.2,"Republican"
"Vermont",1099,"No","No",305,1896965598,1707184283,130381332,1919476880,21865,19677,1503,22124,"238.9",221.83,286.6,268.48,8139.55,99.1,4.7,4.1,4.1,186,305,NA,212,1716,2603,2139,73734,86,3164,7933.86,10.54,"Democrat"
"Virginia",1113,"No","No",2132,18145001628,7349817835,1123159392,16785046943,13990,5667,866,12941,"246.89",223.64,287.06,261.8,91410.82,96.5,5.4,5,5,213,2132,7,3279,94831,236141,272673,567343,1980,84104,92651,13.6,"Democrat"
"Washington",1081,"No","No",2549,20157771006,14240398896,1175921453,16608508285,17650,12469,1030,14542,"239.51",219.69,285.81,266.28,54870.78,99.8,3,3.8,3.8,340,2549,16,12156,94906,279405,52182,535720,15326,96280,63271.68,17.23,"Democrat"
"West Virginia",923,"No","No",684,3783283360,2089509605,436617581,3332336838,14359,7930,1657,12647,"231.5",213.18,272.35,255.62,18774.23,96.6,5.4,5.1,5.1,64,684,4,193,1652,5517,10281,222613,125,10843,18669.66,13.46,"Republican"
"Wisconsin",1236,"No","No",2235,13082030791,6483832835,856306820,10943581983,15293,7580,1001,12794,"241.67",219.7,288.66,267.38,58701.17,98.9,6.8,8.3,8.3,468,2235,239,8477,34707,111822,71909,552802,639,42330,60011.17,13.71,"Democrat"
"Wyoming",1200,"No","No",361,1830236331,962603980,138751183,1576787463,19344,10174,1466,16665,"245.84",226.69,286.31,264.64,7743.03,99.9,7.2,6,6,59,361,5,2888,602,13584,769,71006,139,3479,7312.03,12.65,"Republican"
